<?xml version="1.0"  encoding="iso-8859-1"  ?>
 <export_gestionaleauto userid="cmt070">
  <anagrafica>
   <id_anagrafica>10501</id_anagrafica>
   <ragione_sociale>CENTRO MOTO TICINO - LADISPOLI</ragione_sociale>
   <comune>LADISPOLI</comune>
   <cap>00055</cap>
   <provincia>RM</provincia>
   <indirizzo>VIA GENOVA, 25/27</indirizzo>
   <telefono>06 9910925</telefono>
   <fax />
   <email>ladispoli@centromototicino.ch</email>
   <sito>www.centromototicino.ch</sito>
  </anagrafica>
  <motorbike id="6582523">
   <model>
    <make>HONDA</make>
    <model>SH 150</model>
    <version>grigio - 34305</version>
    <body>Moto - Altro</body>
    <fuel>Benzina</fuel>
    <kwatt>12</kwatt>
    <cc>150</cc>
   </model>
   <exterior>
    <color>Vari colori</color>
    <paint>pastello</paint>
   </exterior>
   <internal_code>LAD-RM</internal_code>
   <usage>usato</usage>
   <origin>nazionale</origin>
   <registration_date>06/2008</registration_date>
   <km>34305</km>
   <gearbox>Manuale</gearbox>
   <claimable_vat>false</claimable_vat>
   <negotiable>false</negotiable>
   <business_vehicle>false</business_vehicle>
   <occasion>false</occasion>
   <previous_owners>0</previous_owners>
   <prompt_delivery>false</prompt_delivery>
   <financing_available>false</financing_available>
   <warrenty>false</warrenty>
   <customers_price>1500</customers_price>
   <additional_informations>Marca: Honda
Modello: SH 150
Prezzo: ? 1.500
Categoria: Scooter
Anno: 2008
Km:  34305
Kw:  12
CV:  14
Colore:  grigio
Cilindrata:  150
Stato:  Buono
Accessori:  parabrezza-bauletto-revisione-unicopropietario-tagliandi documentati

Servizi Offerti: 
* Controllo di Pre-consegna
* Garanzia 12 mesi estendibile a 24 (moto max 20 anni)
* Finanziamenti personalizzati per importo e durata

****************************************
Moto visibile presso:
CENTRO MOTO TICINO LADISPOLI (RM)
Via Genova, 25/27
Tel.:    069910925
E-Mail:  ladispoli@centromototicino.ch
****************************************</additional_informations>
   <images>
    <image>
     <small>http://graphics.gestionaleauto.com/gonline_graphics/6582523_T_575bc94cc39c9.jpg</small>
     <medium>http://graphics.gestionaleauto.com/gonline_graphics/6582523_N_575bc94cbe4f9.jpg</medium>
     <large>http://graphics.gestionaleauto.com/gonline_graphics/6582523_E_575bc94ca27dd.jpg</large>
    </image>
    <image>
     <small>http://graphics.gestionaleauto.com/gonline_graphics/6582523_T_575bc94e91a7d.jpg</small>
     <medium>http://graphics.gestionaleauto.com/gonline_graphics/6582523_N_575bc94e8c2b3.jpg</medium>
     <large>http://graphics.gestionaleauto.com/gonline_graphics/6582523_E_575bc94e6fddb.jpg</large>
    </image>
    <image>
     <small>http://graphics.gestionaleauto.com/gonline_graphics/6582523_T_575bc94f152d0.jpg</small>
     <medium>http://graphics.gestionaleauto.com/gonline_graphics/6582523_N_575bc94f0fceb.jpg</medium>
     <large>http://graphics.gestionaleauto.com/gonline_graphics/6582523_E_575bc94ee7b31.jpg</large>
    </image>
    <image>
     <small>http://graphics.gestionaleauto.com/gonline_graphics/6582523_T_575bc94f97b29.jpg</small>
     <medium>http://graphics.gestionaleauto.com/gonline_graphics/6582523_N_575bc94f92340.jpg</medium>
     <large>http://graphics.gestionaleauto.com/gonline_graphics/6582523_E_575bc94f752eb.jpg</large>
    </image>
    <image>
     <small>http://graphics.gestionaleauto.com/gonline_graphics/6582523_T_575bc9501ce7c.jpg</small>
     <medium>http://graphics.gestionaleauto.com/gonline_graphics/6582523_N_575bc95017af9.jpg</medium>
     <large>http://graphics.gestionaleauto.com/gonline_graphics/6582523_E_575bc94ff01d5.jpg</large>
    </image>
   </images>
   <last_modified>2016-06-11 10:18:20.557884</last_modified>
  </motorbike>
  <motorbike id="6648583">
   <model>
    <make>YAMAHA</make>
    <model>Other</model>
    <version>X-CITY . - 9962</version>
    <body>Moto - Altro</body>
    <fuel>Benzina</fuel>
    <kwatt>16</kwatt>
    <cc>250</cc>
   </model>
   <exterior>
    <color>Vari colori</color>
    <paint>pastello</paint>
   </exterior>
   <internal_code>LAD-RM</internal_code>
   <usage>usato</usage>
   <origin>nazionale</origin>
   <registration_date>05/2207</registration_date>
   <km>9962</km>
   <gearbox>Manuale</gearbox>
   <claimable_vat>false</claimable_vat>
   <negotiable>false</negotiable>
   <business_vehicle>false</business_vehicle>
   <occasion>false</occasion>
   <previous_owners>0</previous_owners>
   <prompt_delivery>false</prompt_delivery>
   <financing_available>false</financing_available>
   <warrenty>false</warrenty>
   <customers_price>2100</customers_price>
   <additional_informations>Marca: Yamaha
Modello: X-CITY
Prezzo: ? 2.100
Categoria: Scooter
Anno: 2007
Km:  9962
Kw:  16
CV:  20
Colore:  .
Cilindrata:  250
Stato:  Buono
Accessori:  tagliandato-sostituzione gomme-parabrezza originale -termoscud tucano

Servizi Offerti: 
* Controllo di Pre-consegna
* Garanzia 12 mesi estendibile a 24 (moto max 20 anni)
* Finanziamenti personalizzati per importo e durata

****************************************
Moto visibile presso:
CENTRO MOTO TICINO LADISPOLI (RM)
Via Genova, 25/27
Tel.:    069910925
E-Mail:  ladispoli@centromototicino.ch
****************************************</additional_informations>
   <images>
    <image>
     <small>http://graphics.gestionaleauto.com/gonline_graphics/6648583_T_576f9bbad0c2e.jpg</small>
     <medium>http://graphics.gestionaleauto.com/gonline_graphics/6648583_N_576f9bbacd620.jpg</medium>
     <large>http://graphics.gestionaleauto.com/gonline_graphics/6648583_E_576f9bbabddfb.jpg</large>
    </image>
    <image>
     <small>http://graphics.gestionaleauto.com/gonline_graphics/6648583_T_576f9bbb440f8.jpg</small>
     <medium>http://graphics.gestionaleauto.com/gonline_graphics/6648583_N_576f9bbb40b3f.jpg</medium>
     <large>http://graphics.gestionaleauto.com/gonline_graphics/6648583_E_576f9bbb252be.jpg</large>
    </image>
    <image>
     <small>http://graphics.gestionaleauto.com/gonline_graphics/6648583_T_576f9bbbb9e1b.jpg</small>
     <medium>http://graphics.gestionaleauto.com/gonline_graphics/6648583_N_576f9bbbb3bd5.jpg</medium>
     <large>http://graphics.gestionaleauto.com/gonline_graphics/6648583_E_576f9bbb93a8c.jpg</large>
    </image>
    <image>
     <small>http://graphics.gestionaleauto.com/gonline_graphics/6648583_T_576f9bbc31025.jpg</small>
     <medium>http://graphics.gestionaleauto.com/gonline_graphics/6648583_N_576f9bbc2db84.jpg</medium>
     <large>http://graphics.gestionaleauto.com/gonline_graphics/6648583_E_576f9bbc1934f.jpg</large>
    </image>
    <image>
     <small>http://graphics.gestionaleauto.com/gonline_graphics/6648583_T_576f9bbc8862b.jpg</small>
     <medium>http://graphics.gestionaleauto.com/gonline_graphics/6648583_N_576f9bbc852a6.jpg</medium>
     <large>http://graphics.gestionaleauto.com/gonline_graphics/6648583_E_576f9bbc75db6.jpg</large>
    </image>
   </images>
   <last_modified>2016-06-26 11:09:14.693514</last_modified>
  </motorbike>
  <motorbike id="6165991">
   <model>
    <make>HARLEY-DAVIDSON</make>
    <model>1450 Heritage Softail</model>
    <version>NERA - 15894</version>
    <body>Moto - Custom</body>
    <fuel>Benzina</fuel>
    <kwatt>47</kwatt>
    <cc>1450</cc>
   </model>
   <exterior>
    <color>Vari colori</color>
    <paint>pastello</paint>
   </exterior>
   <internal_code>LAD-RM</internal_code>
   <usage>usato</usage>
   <origin>nazionale</origin>
   <registration_date>09/2005</registration_date>
   <km>15894</km>
   <gearbox>Manuale</gearbox>
   <claimable_vat>false</claimable_vat>
   <negotiable>false</negotiable>
   <business_vehicle>false</business_vehicle>
   <occasion>false</occasion>
   <previous_owners>0</previous_owners>
   <prompt_delivery>false</prompt_delivery>
   <financing_available>false</financing_available>
   <warrenty>false</warrenty>
   <customers_price>12500</customers_price>
   <additional_informations>Marca: Harley-Davidson
Modello: 1450 Heritage Softail
Prezzo: ? 12.500
Categoria: Custom
Anno: 2005
Km:  15894
Kw:  47
CV:  63
Colore:  NERA
Cilindrata:  1450
Stato:  Ottimo
Accessori:  MANUBRIO-RAISER-SCARICHI-COMANDI CROMATI-RIPOSIZIONAMENTO FARO-FRECCE POST-LA MOTO E' TAGLIANDATA DA CONCESSIONARIA HARLEY DAVIDSON- GOMMA POST. NUOVA-LA MOTO E' UN MODELLO 2006-LA MOTO E' VO

Servizi Offerti: 
* Controllo di Pre-consegna
* Garanzia 12 mesi estendibile a 24 (moto max 20 anni)
* Finanziamenti personalizzati per importo e durata

****************************************
Moto visibile presso:
CENTRO MOTO TICINO LADISPOLI (RM)
Via Genova, 25/27
Tel.:    069910925
E-Mail:  ladispoli@centromototicino.ch
****************************************</additional_informations>
   <images>
    <image>
     <small>http://graphics.gestionaleauto.com/gonline_graphics/6165991_T_576f9bb79ce46.jpg</small>
     <medium>http://graphics.gestionaleauto.com/gonline_graphics/6165991_N_576f9bb799aa1.jpg</medium>
     <large>http://graphics.gestionaleauto.com/gonline_graphics/6165991_E_576f9bb78a723.jpg</large>
    </image>
    <image>
     <small>http://graphics.gestionaleauto.com/gonline_graphics/6165991_T_576f9bb80674d.jpg</small>
     <medium>http://graphics.gestionaleauto.com/gonline_graphics/6165991_N_576f9bb803078.jpg</medium>
     <large>http://graphics.gestionaleauto.com/gonline_graphics/6165991_E_576f9bb7e77b3.jpg</large>
    </image>
    <image>
     <small>http://graphics.gestionaleauto.com/gonline_graphics/6165991_T_576f9bb85fba4.jpg</small>
     <medium>http://graphics.gestionaleauto.com/gonline_graphics/6165991_N_576f9bb85c6c1.jpg</medium>
     <large>http://graphics.gestionaleauto.com/gonline_graphics/6165991_E_576f9bb84cdee.jpg</large>
    </image>
    <image>
     <small>http://graphics.gestionaleauto.com/gonline_graphics/6165991_T_576f9bb8b92d5.jpg</small>
     <medium>http://graphics.gestionaleauto.com/gonline_graphics/6165991_N_576f9bb8b5f1e.jpg</medium>
     <large>http://graphics.gestionaleauto.com/gonline_graphics/6165991_E_576f9bb8a6808.jpg</large>
    </image>
    <image>
     <small>http://graphics.gestionaleauto.com/gonline_graphics/6165991_T_576f9bb91dbfd.jpg</small>
     <medium>http://graphics.gestionaleauto.com/gonline_graphics/6165991_N_576f9bb91a81f.jpg</medium>
     <large>http://graphics.gestionaleauto.com/gonline_graphics/6165991_E_576f9bb90b24c.jpg</large>
    </image>
    <image>
     <small>http://graphics.gestionaleauto.com/gonline_graphics/6165991_T_576f9bb981262.jpg</small>
     <medium>http://graphics.gestionaleauto.com/gonline_graphics/6165991_N_576f9bb97d55c.jpg</medium>
     <large>http://graphics.gestionaleauto.com/gonline_graphics/6165991_E_576f9bb96ade5.jpg</large>
    </image>
    <image>
     <small>http://graphics.gestionaleauto.com/gonline_graphics/6165991_T_576f9bb9e49fc.jpg</small>
     <medium>http://graphics.gestionaleauto.com/gonline_graphics/6165991_N_576f9bb9e081e.jpg</medium>
     <large>http://graphics.gestionaleauto.com/gonline_graphics/6165991_E_576f9bb9cdae9.jpg</large>
    </image>
    <image>
     <small>http://graphics.gestionaleauto.com/gonline_graphics/6165991_T_576f9bba421e9.jpg</small>
     <medium>http://graphics.gestionaleauto.com/gonline_graphics/6165991_N_576f9bba3eb26.jpg</medium>
     <large>http://graphics.gestionaleauto.com/gonline_graphics/6165991_E_576f9bba2ef68.jpg</large>
    </image>
   </images>
   <last_modified>2016-06-26 11:09:10.252036</last_modified>
  </motorbike>
  <motorbike id="5736162">
   <model>
    <make>DUCATI</make>
    <model>Multistrada 1200</model>
    <version>S PIKES PEAK - 13419</version>
    <body>Moto - Altro</body>
    <fuel>Benzina</fuel>
    <kwatt>109</kwatt>
    <cc>1200</cc>
   </model>
   <exterior>
    <color>Vari colori</color>
    <paint>pastello</paint>
   </exterior>
   <internal_code>LAD-RM</internal_code>
   <usage>usato</usage>
   <origin>nazionale</origin>
   <registration_date>08/2011</registration_date>
   <km>13419</km>
   <gearbox>Manuale</gearbox>
   <claimable_vat>false</claimable_vat>
   <negotiable>false</negotiable>
   <business_vehicle>false</business_vehicle>
   <occasion>false</occasion>
   <previous_owners>0</previous_owners>
   <prompt_delivery>false</prompt_delivery>
   <financing_available>false</financing_available>
   <warrenty>false</warrenty>
   <customers_price>13800</customers_price>
   <additional_informations>Marca: Ducati
Modello: Multistrada 1200 S
Prezzo: ? 13.800
Categoria: Gran turismo
Anno: 2011
Km:  13419
Kw:  109
CV:  148
Colore:  PIKES PEAK
Cilindrata:  1200
Stato:  Ottimo
Accessori:  FARETTI ANTERIORI ORIGINALI DUCATI,TAGLIANDI CERTIFICATI DUCATI

Servizi Offerti: 
* Controllo di Pre-consegna
* Garanzia 12 mesi estendibile a 24 (moto max 20 anni)
* Finanziamenti personalizzati per importo e durata

****************************************
Moto visibile presso:
CENTRO MOTO TICINO LADISPOLI (RM)
Via Genova, 25/27
Tel.:    069910925
E-Mail:  ladispoli@centromototicino.ch
****************************************</additional_informations>
   <images>
    <image>
     <small>http://graphics.gestionaleauto.com/gonline_graphics/5736162_T_576f9bb45b88b.jpg</small>
     <medium>http://graphics.gestionaleauto.com/gonline_graphics/5736162_N_576f9bb4584d9.jpg</medium>
     <large>http://graphics.gestionaleauto.com/gonline_graphics/5736162_E_576f9bb449044.jpg</large>
    </image>
    <image>
     <small>http://graphics.gestionaleauto.com/gonline_graphics/5736162_T_576f9bb4ad566.jpg</small>
     <medium>http://graphics.gestionaleauto.com/gonline_graphics/5736162_N_576f9bb4aa032.jpg</medium>
     <large>http://graphics.gestionaleauto.com/gonline_graphics/5736162_E_576f9bb49a949.jpg</large>
    </image>
    <image>
     <small>http://graphics.gestionaleauto.com/gonline_graphics/5736162_T_576f9bb5104dd.jpg</small>
     <medium>http://graphics.gestionaleauto.com/gonline_graphics/5736162_N_576f9bb50d072.jpg</medium>
     <large>http://graphics.gestionaleauto.com/gonline_graphics/5736162_E_576f9bb4f1c46.jpg</large>
    </image>
    <image>
     <small>http://graphics.gestionaleauto.com/gonline_graphics/5736162_T_576f9bb56f42b.jpg</small>
     <medium>http://graphics.gestionaleauto.com/gonline_graphics/5736162_N_576f9bb56bdea.jpg</medium>
     <large>http://graphics.gestionaleauto.com/gonline_graphics/5736162_E_576f9bb55a460.jpg</large>
    </image>
    <image>
     <small>http://graphics.gestionaleauto.com/gonline_graphics/5736162_T_576f9bb5c7fdb.jpg</small>
     <medium>http://graphics.gestionaleauto.com/gonline_graphics/5736162_N_576f9bb5c4c45.jpg</medium>
     <large>http://graphics.gestionaleauto.com/gonline_graphics/5736162_E_576f9bb5b5652.jpg</large>
    </image>
   </images>
   <last_modified>2016-06-26 11:09:07.438842</last_modified>
  </motorbike>
  <motorbike id="6112883">
   <model>
    <make>HARLEY-DAVIDSON</make>
    <model>1450 Softail Night Train</model>
    <version>NERA - 30825</version>
    <body>Moto - Custom</body>
    <fuel>Benzina</fuel>
    <kwatt>47</kwatt>
    <cc>1450</cc>
   </model>
   <exterior>
    <color>Vari colori</color>
    <paint>pastello</paint>
   </exterior>
   <internal_code>LAD-RM</internal_code>
   <usage>usato</usage>
   <origin>nazionale</origin>
   <registration_date>11/2005</registration_date>
   <km>30825</km>
   <gearbox>Manuale</gearbox>
   <claimable_vat>false</claimable_vat>
   <negotiable>false</negotiable>
   <business_vehicle>false</business_vehicle>
   <occasion>false</occasion>
   <previous_owners>0</previous_owners>
   <prompt_delivery>false</prompt_delivery>
   <financing_available>false</financing_available>
   <warrenty>false</warrenty>
   <customers_price>12800</customers_price>
   <additional_informations>Marca: Harley-Davidson
Modello: 1450 Softail Night Train
Prezzo: ? 12.800
Categoria: Custom
Anno: 2005
Km:  30825
Kw:  47
CV:  63
Colore:  NERA
Cilindrata:  1450
Stato:  Ottimo
Accessori:  MANUBRIO APE ANGER-SCARICO VANCE &amp; HINES-BORSA LATERALE-PORTA PACCHI-SELLA-TAGLIANDO COMPLETO +BATTERIA NUOVA

Servizi Offerti: 
* Controllo di Pre-consegna
* Garanzia 12 mesi estendibile a 24 (moto max 20 anni)
* Finanziamenti personalizzati per importo e durata

****************************************
Moto visibile presso:
CENTRO MOTO TICINO LADISPOLI (RM)
Via Genova, 25/27
Tel.:    069910925
E-Mail:  ladispoli@centromototicino.ch
****************************************</additional_informations>
   <images>
    <image>
     <small>http://graphics.gestionaleauto.com/gonline_graphics/6112883_T_573d756986b56.jpg</small>
     <medium>http://graphics.gestionaleauto.com/gonline_graphics/6112883_N_573d7569811db.jpg</medium>
     <large>http://graphics.gestionaleauto.com/gonline_graphics/6112883_E_573d75696414a.jpg</large>
    </image>
    <image>
     <small>http://graphics.gestionaleauto.com/gonline_graphics/6112883_T_573d756b7b943.jpg</small>
     <medium>http://graphics.gestionaleauto.com/gonline_graphics/6112883_N_573d756b7618b.jpg</medium>
     <large>http://graphics.gestionaleauto.com/gonline_graphics/6112883_E_573d756b59112.jpg</large>
    </image>
    <image>
     <small>http://graphics.gestionaleauto.com/gonline_graphics/6112883_T_573d756c8d553.jpg</small>
     <medium>http://graphics.gestionaleauto.com/gonline_graphics/6112883_N_573d756c87ed4.jpg</medium>
     <large>http://graphics.gestionaleauto.com/gonline_graphics/6112883_E_573d756c6b297.jpg</large>
    </image>
    <image>
     <small>http://graphics.gestionaleauto.com/gonline_graphics/6112883_T_573d7570001b8.jpg</small>
     <medium>http://graphics.gestionaleauto.com/gonline_graphics/6112883_N_573d756fc7ccb.jpg</medium>
     <large>http://graphics.gestionaleauto.com/gonline_graphics/6112883_E_573d756faa7b1.jpg</large>
    </image>
    <image>
     <small>http://graphics.gestionaleauto.com/gonline_graphics/6112883_T_573d75735c155.jpg</small>
     <medium>http://graphics.gestionaleauto.com/gonline_graphics/6112883_N_573d757356b70.jpg</medium>
     <large>http://graphics.gestionaleauto.com/gonline_graphics/6112883_E_573d75733a758.jpg</large>
    </image>
    <image>
     <small>http://graphics.gestionaleauto.com/gonline_graphics/6112883_T_573d75752dd43.jpg</small>
     <medium>http://graphics.gestionaleauto.com/gonline_graphics/6112883_N_573d7575282fd.jpg</medium>
     <large>http://graphics.gestionaleauto.com/gonline_graphics/6112883_E_573d75750b80c.jpg</large>
    </image>
    <image>
     <small>http://graphics.gestionaleauto.com/gonline_graphics/6112883_T_573d757700c86.jpg</small>
     <medium>http://graphics.gestionaleauto.com/gonline_graphics/6112883_N_573d7576ef571.jpg</medium>
     <large>http://graphics.gestionaleauto.com/gonline_graphics/6112883_E_573d7576d2cbe.jpg</large>
    </image>
   </images>
   <last_modified>2016-05-19 10:12:19.230413</last_modified>
  </motorbike>
  <motorbike id="6612169">
   <model>
    <make>BMW</make>
    <model>R 1200 R</model>
    <version>. - 61289</version>
    <body>Moto - Altro</body>
    <fuel>Benzina</fuel>
    <kwatt>81</kwatt>
    <cc>1200</cc>
   </model>
   <exterior>
    <color>Vari colori</color>
    <paint>pastello</paint>
   </exterior>
   <internal_code>LAD-RM</internal_code>
   <usage>usato</usage>
   <origin>nazionale</origin>
   <registration_date>02/2011</registration_date>
   <km>61289</km>
   <gearbox>Manuale</gearbox>
   <claimable_vat>false</claimable_vat>
   <negotiable>false</negotiable>
   <business_vehicle>false</business_vehicle>
   <occasion>false</occasion>
   <previous_owners>0</previous_owners>
   <prompt_delivery>false</prompt_delivery>
   <financing_available>false</financing_available>
   <warrenty>false</warrenty>
   <customers_price>7900</customers_price>
   <additional_informations>Marca: BMW
Modello: R 1200 R
Prezzo: ? 7.900
Categoria: Gran turismo
Anno: 2011
Km:  61289
Kw:  81
CV:  110
Colore:  .
Cilindrata:  1200
Stato:  Buono
Accessori:  TAGLIANDI DOCUMENTATI BMW

Servizi Offerti: 
* Controllo di Pre-consegna
* Garanzia 12 mesi estendibile a 24 (moto max 20 anni)
* Finanziamenti personalizzati per importo e durata

****************************************
Moto visibile presso:
CENTRO MOTO TICINO LADISPOLI (RM)
Via Genova, 25/27
Tel.:    069910925
E-Mail:  ladispoli@centromototicino.ch
****************************************</additional_informations>
   <images>
    <image>
     <small>http://graphics.gestionaleauto.com/gonline_graphics/6612169_T_5763be333483e.jpg</small>
     <medium>http://graphics.gestionaleauto.com/gonline_graphics/6612169_N_5763be333119e.jpg</medium>
     <large>http://graphics.gestionaleauto.com/gonline_graphics/6612169_E_5763be3320f22.jpg</large>
    </image>
    <image>
     <small>http://graphics.gestionaleauto.com/gonline_graphics/6612169_T_5763be33c19a3.jpg</small>
     <medium>http://graphics.gestionaleauto.com/gonline_graphics/6612169_N_5763be33be144.jpg</medium>
     <large>http://graphics.gestionaleauto.com/gonline_graphics/6612169_E_5763be33ae1cc.jpg</large>
    </image>
    <image>
     <small>http://graphics.gestionaleauto.com/gonline_graphics/6612169_T_5763be34391db.jpg</small>
     <medium>http://graphics.gestionaleauto.com/gonline_graphics/6612169_N_5763be3435d88.jpg</medium>
     <large>http://graphics.gestionaleauto.com/gonline_graphics/6612169_E_5763be3426697.jpg</large>
    </image>
    <image>
     <small>http://graphics.gestionaleauto.com/gonline_graphics/6612169_T_5763be34a97f3.jpg</small>
     <medium>http://graphics.gestionaleauto.com/gonline_graphics/6612169_N_5763be34a63da.jpg</medium>
     <large>http://graphics.gestionaleauto.com/gonline_graphics/6612169_E_5763be3496e11.jpg</large>
    </image>
    <image>
     <small>http://graphics.gestionaleauto.com/gonline_graphics/6612169_T_5763be351deb8.jpg</small>
     <medium>http://graphics.gestionaleauto.com/gonline_graphics/6612169_N_5763be351acc5.jpg</medium>
     <large>http://graphics.gestionaleauto.com/gonline_graphics/6612169_E_5763be350bae0.jpg</large>
    </image>
    <image>
     <small>http://graphics.gestionaleauto.com/gonline_graphics/6612169_T_5763be35836c7.jpg</small>
     <medium>http://graphics.gestionaleauto.com/gonline_graphics/6612169_N_5763be35801c2.jpg</medium>
     <large>http://graphics.gestionaleauto.com/gonline_graphics/6612169_E_5763be3570669.jpg</large>
    </image>
   </images>
   <last_modified>2016-06-17 11:09:07.062103</last_modified>
  </motorbike>
  <motorbike id="6446176">
   <model>
    <make>HARLEY-DAVIDSON</make>
    <model>1200 Sportster Custom</model>
    <version>bicolore - 11732</version>
    <body>Moto - Custom</body>
    <fuel>Benzina</fuel>
    <kwatt>49</kwatt>
    <cc>1200</cc>
   </model>
   <exterior>
    <color>Vari colori</color>
    <paint>pastello</paint>
   </exterior>
   <internal_code>LAD-RM</internal_code>
   <usage>usato</usage>
   <origin>nazionale</origin>
   <registration_date>01/2011</registration_date>
   <km>11732</km>
   <gearbox>Manuale</gearbox>
   <claimable_vat>false</claimable_vat>
   <negotiable>false</negotiable>
   <business_vehicle>false</business_vehicle>
   <occasion>false</occasion>
   <previous_owners>0</previous_owners>
   <prompt_delivery>false</prompt_delivery>
   <financing_available>false</financing_available>
   <warrenty>false</warrenty>
   <customers_price>8800</customers_price>
   <additional_informations>Marca: Harley-Davidson
Modello: 1200 Sportster Custom
Prezzo: ? 8.800
Categoria: Custom
Anno: 2011
Km:  11732
Kw:  49
CV:  66
Colore:  bicolore
Cilindrata:  1200
Stato:  Buono
Accessori:  schienalino a stacco rapido-borsa laterale e copri serbatoio ends cuoio-tagliandato-varie cover-manopole
LA MOTO VISIBILE SOLO SU APPUNTAMENTO

Servizi Offerti: 
* Controllo di Pre-consegna
* Garanzia 12 mesi estendibile a 24 (moto max 20 anni)
* Finanziamenti personalizzati per importo e durata

****************************************
Moto visibile presso:
CENTRO MOTO TICINO LADISPOLI (RM)
Via Genova, 25/27
Tel.:    069910925
E-Mail:  ladispoli@centromototicino.ch
****************************************</additional_informations>
   <images>
    <image>
     <small>http://graphics.gestionaleauto.com/gonline_graphics/6446176_T_575bc949570b8.jpg</small>
     <medium>http://graphics.gestionaleauto.com/gonline_graphics/6446176_N_575bc94951a56.jpg</medium>
     <large>http://graphics.gestionaleauto.com/gonline_graphics/6446176_E_575bc94935408.jpg</large>
    </image>
    <image>
     <small>http://graphics.gestionaleauto.com/gonline_graphics/6446176_T_575bc949d2a25.jpg</small>
     <medium>http://graphics.gestionaleauto.com/gonline_graphics/6446176_N_575bc949cd393.jpg</medium>
     <large>http://graphics.gestionaleauto.com/gonline_graphics/6446176_E_575bc949b0f29.jpg</large>
    </image>
    <image>
     <small>http://graphics.gestionaleauto.com/gonline_graphics/6446176_T_575bc94a5afa9.jpg</small>
     <medium>http://graphics.gestionaleauto.com/gonline_graphics/6446176_N_575bc94a559c5.jpg</medium>
     <large>http://graphics.gestionaleauto.com/gonline_graphics/6446176_E_575bc94a393ad.jpg</large>
    </image>
    <image>
     <small>http://graphics.gestionaleauto.com/gonline_graphics/6446176_T_575bc94ada7cc.jpg</small>
     <medium>http://graphics.gestionaleauto.com/gonline_graphics/6446176_N_575bc94ad5037.jpg</medium>
     <large>http://graphics.gestionaleauto.com/gonline_graphics/6446176_E_575bc94ab867c.jpg</large>
    </image>
    <image>
     <small>http://graphics.gestionaleauto.com/gonline_graphics/6446176_T_575bc94b6d4bc.jpg</small>
     <medium>http://graphics.gestionaleauto.com/gonline_graphics/6446176_N_575bc94b67dae.jpg</medium>
     <large>http://graphics.gestionaleauto.com/gonline_graphics/6446176_E_575bc94b4a9c3.jpg</large>
    </image>
    <image>
     <small>http://graphics.gestionaleauto.com/gonline_graphics/6446176_T_575bc94bedaa9.jpg</small>
     <medium>http://graphics.gestionaleauto.com/gonline_graphics/6446176_N_575bc94be859e.jpg</medium>
     <large>http://graphics.gestionaleauto.com/gonline_graphics/6446176_E_575bc94bcc8d1.jpg</large>
    </image>
   </images>
   <last_modified>2016-06-11 10:18:16.07177</last_modified>
  </motorbike>
  <motorbike id="6218239">
   <model>
    <make>MOTO GUZZI</make>
    <model>Other</model>
    <version>V10 Centauro gialla - 14008</version>
    <body>Moto - Custom</body>
    <fuel>Benzina</fuel>
    <kwatt>70</kwatt>
    <cc>1000</cc>
   </model>
   <exterior>
    <color>Vari colori</color>
    <paint>pastello</paint>
   </exterior>
   <internal_code>LAD-RM</internal_code>
   <usage>usato</usage>
   <origin>nazionale</origin>
   <registration_date>05/1999</registration_date>
   <km>14008</km>
   <gearbox>Manuale</gearbox>
   <claimable_vat>false</claimable_vat>
   <negotiable>false</negotiable>
   <business_vehicle>false</business_vehicle>
   <occasion>false</occasion>
   <previous_owners>0</previous_owners>
   <prompt_delivery>false</prompt_delivery>
   <financing_available>false</financing_available>
   <warrenty>false</warrenty>
   <customers_price>5500</customers_price>
   <additional_informations>Marca: Moto Guzzi
Modello: V10 Centauro
Prezzo: ? 5.500
Categoria: Custom
Anno: 1999
Km:  14008
Kw:  70
CV:  95
Colore:  gialla
Cilindrata:  1000
Stato:  Ottimo
Accessori:  ULTIMO TAGLIANDO CERTIFICATO PRESSO OFFICINA MOTO GUZZI

Servizi Offerti: 
* Controllo di Pre-consegna
* Garanzia 12 mesi estendibile a 24 (moto max 20 anni)
* Finanziamenti personalizzati per importo e durata

****************************************
Moto visibile presso:
CENTRO MOTO TICINO LADISPOLI (RM)
Via Genova, 25/27
Tel.:    069910925
E-Mail:  ladispoli@centromototicino.ch
****************************************</additional_informations>
   <images>
    <image>
     <small>http://graphics.gestionaleauto.com/gonline_graphics/6218239_T_5704c4db7acac.jpg</small>
     <medium>http://graphics.gestionaleauto.com/gonline_graphics/6218239_N_5704c4db7510c.jpg</medium>
     <large>http://graphics.gestionaleauto.com/gonline_graphics/6218239_E_5704c4db573be.jpg</large>
    </image>
    <image>
     <small>http://graphics.gestionaleauto.com/gonline_graphics/6218239_T_5704c4dd36481.jpg</small>
     <medium>http://graphics.gestionaleauto.com/gonline_graphics/6218239_N_5704c4dd30453.jpg</medium>
     <large>http://graphics.gestionaleauto.com/gonline_graphics/6218239_E_5704c4dd11325.jpg</large>
    </image>
    <image>
     <small>http://graphics.gestionaleauto.com/gonline_graphics/6218239_T_5704c4dde5d93.jpg</small>
     <medium>http://graphics.gestionaleauto.com/gonline_graphics/6218239_N_5704c4dddffb2.jpg</medium>
     <large>http://graphics.gestionaleauto.com/gonline_graphics/6218239_E_5704c4ddc08a3.jpg</large>
    </image>
    <image>
     <small>http://graphics.gestionaleauto.com/gonline_graphics/6218239_T_5704c4e0a0e2d.jpg</small>
     <medium>http://graphics.gestionaleauto.com/gonline_graphics/6218239_N_5704c4e09b843.jpg</medium>
     <large>http://graphics.gestionaleauto.com/gonline_graphics/6218239_E_5704c4e07ecb9.jpg</large>
    </image>
    <image>
     <small>http://graphics.gestionaleauto.com/gonline_graphics/6218239_T_5704c4e89131c.jpg</small>
     <medium>http://graphics.gestionaleauto.com/gonline_graphics/6218239_N_5704c4e88bca0.jpg</medium>
     <large>http://graphics.gestionaleauto.com/gonline_graphics/6218239_E_5704c4e86eeb6.jpg</large>
    </image>
    <image>
     <small>http://graphics.gestionaleauto.com/gonline_graphics/6218239_T_5704c4eb1c017.jpg</small>
     <medium>http://graphics.gestionaleauto.com/gonline_graphics/6218239_N_5704c4eb16499.jpg</medium>
     <large>http://graphics.gestionaleauto.com/gonline_graphics/6218239_E_5704c4eaead75.jpg</large>
    </image>
    <image>
     <small>http://graphics.gestionaleauto.com/gonline_graphics/6218239_T_5704c4ebc2058.jpg</small>
     <medium>http://graphics.gestionaleauto.com/gonline_graphics/6218239_N_5704c4ebbca71.jpg</medium>
     <large>http://graphics.gestionaleauto.com/gonline_graphics/6218239_E_5704c4eb9fa81.jpg</large>
    </image>
    <image>
     <small>http://graphics.gestionaleauto.com/gonline_graphics/6218239_T_5704c4ecb789d.jpg</small>
     <medium>http://graphics.gestionaleauto.com/gonline_graphics/6218239_N_5704c4ecb24f7.jpg</medium>
     <large>http://graphics.gestionaleauto.com/gonline_graphics/6218239_E_5704c4ec95feb.jpg</large>
    </image>
   </images>
   <last_modified>2016-04-06 10:12:08.499949</last_modified>
  </motorbike>
  <motorbike id="6412949">
   <model>
    <make>HARLEY-DAVIDSON</make>
    <model>1450 Softail</model>
    <version>Fat Boy NERA - 48173</version>
    <body>Moto - Custom</body>
    <fuel>Benzina</fuel>
    <kwatt>47</kwatt>
    <cc>1450</cc>
   </model>
   <exterior>
    <color>Vari colori</color>
    <paint>pastello</paint>
   </exterior>
   <internal_code>LAD-RM</internal_code>
   <usage>usato</usage>
   <origin>nazionale</origin>
   <registration_date>05/2004</registration_date>
   <km>48173</km>
   <gearbox>Manuale</gearbox>
   <claimable_vat>false</claimable_vat>
   <negotiable>false</negotiable>
   <business_vehicle>false</business_vehicle>
   <occasion>false</occasion>
   <previous_owners>0</previous_owners>
   <prompt_delivery>false</prompt_delivery>
   <financing_available>false</financing_available>
   <warrenty>false</warrenty>
   <customers_price>12500</customers_price>
   <additional_informations>Marca: Harley-Davidson
Modello: 1450 Softail Fat Boy
Prezzo: ? 12.500
Categoria: Custom
Anno: 2004
Km:  48173
Kw:  47
CV:  63
Colore:  NERA
Cilindrata:  1450
Stato:  Buono
Accessori:  BORSA LATERALE-SALVA BISACCE-SCARICHI-TAGLIANDO

Servizi Offerti: 
* Controllo di Pre-consegna
* Garanzia 12 mesi estendibile a 24 (moto max 20 anni)
* Finanziamenti personalizzati per importo e durata

****************************************
Moto visibile presso:
CENTRO MOTO TICINO LADISPOLI (RM)
Via Genova, 25/27
Tel.:    069910925
E-Mail:  ladispoli@centromototicino.ch
****************************************</additional_informations>
   <images>
    <image>
     <small>http://graphics.gestionaleauto.com/gonline_graphics/6412949_T_571739e3eab06.jpg</small>
     <medium>http://graphics.gestionaleauto.com/gonline_graphics/6412949_N_571739e3e2917.jpg</medium>
     <large>http://graphics.gestionaleauto.com/gonline_graphics/6412949_E_571739e3bc5a2.jpg</large>
    </image>
    <image>
     <small>http://graphics.gestionaleauto.com/gonline_graphics/6412949_T_571739e643b8c.jpg</small>
     <medium>http://graphics.gestionaleauto.com/gonline_graphics/6412949_N_571739e63befc.jpg</medium>
     <large>http://graphics.gestionaleauto.com/gonline_graphics/6412949_E_571739e613771.jpg</large>
    </image>
    <image>
     <small>http://graphics.gestionaleauto.com/gonline_graphics/6412949_T_571739e841be4.jpg</small>
     <medium>http://graphics.gestionaleauto.com/gonline_graphics/6412949_N_571739e83c4b2.jpg</medium>
     <large>http://graphics.gestionaleauto.com/gonline_graphics/6412949_E_571739e816db8.jpg</large>
    </image>
    <image>
     <small>http://graphics.gestionaleauto.com/gonline_graphics/6412949_T_571739ea934de.jpg</small>
     <medium>http://graphics.gestionaleauto.com/gonline_graphics/6412949_N_571739ea880f9.jpg</medium>
     <large>http://graphics.gestionaleauto.com/gonline_graphics/6412949_E_571739ea62d13.jpg</large>
    </image>
    <image>
     <small>http://graphics.gestionaleauto.com/gonline_graphics/6412949_T_571739ecf1988.jpg</small>
     <medium>http://graphics.gestionaleauto.com/gonline_graphics/6412949_N_571739ece9de3.jpg</medium>
     <large>http://graphics.gestionaleauto.com/gonline_graphics/6412949_E_571739ecc0223.jpg</large>
    </image>
    <image>
     <small>http://graphics.gestionaleauto.com/gonline_graphics/6412949_T_571739ef71e72.jpg</small>
     <medium>http://graphics.gestionaleauto.com/gonline_graphics/6412949_N_571739ef6c533.jpg</medium>
     <large>http://graphics.gestionaleauto.com/gonline_graphics/6412949_E_571739ef4eab3.jpg</large>
    </image>
   </images>
   <last_modified>2016-04-23 11:40:34.334194</last_modified>
  </motorbike>
  <motorbike id="6328248">
   <model>
    <make>YAMAHA</make>
    <model>XVS 650</model>
    <version>Drag Star nero - 40000</version>
    <body>Moto - Custom</body>
    <fuel>Benzina</fuel>
    <kwatt>29</kwatt>
    <cc>650</cc>
   </model>
   <exterior>
    <color>Vari colori</color>
    <paint>pastello</paint>
   </exterior>
   <internal_code>LAD-RM</internal_code>
   <usage>usato</usage>
   <origin>nazionale</origin>
   <registration_date>01/1997</registration_date>
   <km>40000</km>
   <gearbox>Manuale</gearbox>
   <claimable_vat>false</claimable_vat>
   <negotiable>false</negotiable>
   <business_vehicle>false</business_vehicle>
   <occasion>false</occasion>
   <previous_owners>0</previous_owners>
   <prompt_delivery>false</prompt_delivery>
   <financing_available>false</financing_available>
   <warrenty>false</warrenty>
   <customers_price>2300</customers_price>
   <additional_informations>Marca: Yamaha
Modello: XVS 650 Drag Star
Prezzo: ? 2.300
Categoria: Custom
Anno: 1997
Km:  40000
Kw:  29
CV:  39
Colore:  nero
Cilindrata:  650
Stato:  Buono
Accessori:  MOTO VISIBILE SU APPUNTAMENTO-
piastre inclinate ed allargate-posteriore ribassato-manubrio-scarichi-sella pelle fatta a mano-manopole-targa letarale-parafango post-verniciatura

Servizi Offerti: 
* Controllo di Pre-consegna
* Garanzia 12 mesi estendibile a 24 (moto max 20 anni)
* Finanziamenti personalizzati per importo e durata

****************************************
Moto visibile presso:
CENTRO MOTO TICINO LADISPOLI (RM)
Via Genova, 25/27
Tel.:    069910925
E-Mail:  ladispoli@centromototicino.ch
****************************************</additional_informations>
   <images>
    <image>
     <small>http://graphics.gestionaleauto.com/gonline_graphics/6328248_T_575bc942d7600.jpg</small>
     <medium>http://graphics.gestionaleauto.com/gonline_graphics/6328248_N_575bc942d1c00.jpg</medium>
     <large>http://graphics.gestionaleauto.com/gonline_graphics/6328248_E_575bc9427e07a.jpg</large>
    </image>
    <image>
     <small>http://graphics.gestionaleauto.com/gonline_graphics/6328248_T_575bc94445075.jpg</small>
     <medium>http://graphics.gestionaleauto.com/gonline_graphics/6328248_N_575bc9443f87f.jpg</medium>
     <large>http://graphics.gestionaleauto.com/gonline_graphics/6328248_E_575bc94420d44.jpg</large>
    </image>
    <image>
     <small>http://graphics.gestionaleauto.com/gonline_graphics/6328248_T_575bc94579e05.jpg</small>
     <medium>http://graphics.gestionaleauto.com/gonline_graphics/6328248_N_575bc94574496.jpg</medium>
     <large>http://graphics.gestionaleauto.com/gonline_graphics/6328248_E_575bc9455769a.jpg</large>
    </image>
    <image>
     <small>http://graphics.gestionaleauto.com/gonline_graphics/6328248_T_575bc946061bd.jpg</small>
     <medium>http://graphics.gestionaleauto.com/gonline_graphics/6328248_N_575bc94600dac.jpg</medium>
     <large>http://graphics.gestionaleauto.com/gonline_graphics/6328248_E_575bc945d9411.jpg</large>
    </image>
    <image>
     <small>http://graphics.gestionaleauto.com/gonline_graphics/6328248_T_575bc94680647.jpg</small>
     <medium>http://graphics.gestionaleauto.com/gonline_graphics/6328248_N_575bc9467adbe.jpg</medium>
     <large>http://graphics.gestionaleauto.com/gonline_graphics/6328248_E_575bc9465e479.jpg</large>
    </image>
    <image>
     <small>http://graphics.gestionaleauto.com/gonline_graphics/6328248_T_575bc94702e6e.jpg</small>
     <medium>http://graphics.gestionaleauto.com/gonline_graphics/6328248_N_575bc946f1d4f.jpg</medium>
     <large>http://graphics.gestionaleauto.com/gonline_graphics/6328248_E_575bc946d575c.jpg</large>
    </image>
    <image>
     <small>http://graphics.gestionaleauto.com/gonline_graphics/6328248_T_575bc94785ce6.jpg</small>
     <medium>http://graphics.gestionaleauto.com/gonline_graphics/6328248_N_575bc94780603.jpg</medium>
     <large>http://graphics.gestionaleauto.com/gonline_graphics/6328248_E_575bc94763555.jpg</large>
    </image>
   </images>
   <last_modified>2016-06-11 10:18:09.052182</last_modified>
  </motorbike>
  <motorbike id="6612170">
   <model>
    <make>YAMAHA</make>
    <model>Other</model>
    <version>BW s 125 nero - 139</version>
    <body>Moto - Altro</body>
    <fuel>Benzina</fuel>
    <kwatt>7</kwatt>
    <cc>125</cc>
   </model>
   <exterior>
    <color>Vari colori</color>
    <paint>pastello</paint>
   </exterior>
   <internal_code>LAD-RM</internal_code>
   <usage>usato</usage>
   <origin>nazionale</origin>
   <registration_date>03/2013</registration_date>
   <km>139</km>
   <gearbox>Manuale</gearbox>
   <claimable_vat>false</claimable_vat>
   <negotiable>false</negotiable>
   <business_vehicle>false</business_vehicle>
   <occasion>false</occasion>
   <previous_owners>0</previous_owners>
   <prompt_delivery>false</prompt_delivery>
   <financing_available>false</financing_available>
   <warrenty>false</warrenty>
   <customers_price>2100</customers_price>
   <additional_informations>Marca: Yamaha
Modello: BW s 125
Prezzo: ? 2.100
Categoria: Scooter
Anno: 2013
Km:  139
Kw:  7
CV:  8
Colore:  nero
Cilindrata:  125
Stato:  Ottimo
Accessori:  parabrezza-bauletto-tagliando 

Servizi Offerti: 
* Controllo di Pre-consegna
* Garanzia 12 mesi estendibile a 24 (moto max 20 anni)
* Finanziamenti personalizzati per importo e durata

****************************************
Moto visibile presso:
CENTRO MOTO TICINO LADISPOLI (RM)
Via Genova, 25/27
Tel.:    069910925
E-Mail:  ladispoli@centromototicino.ch
****************************************</additional_informations>
   <images>
    <image>
     <small>http://graphics.gestionaleauto.com/gonline_graphics/6612170_T_5763be363eeb9.jpg</small>
     <medium>http://graphics.gestionaleauto.com/gonline_graphics/6612170_N_5763be363b987.jpg</medium>
     <large>http://graphics.gestionaleauto.com/gonline_graphics/6612170_E_5763be362b1b4.jpg</large>
    </image>
    <image>
     <small>http://graphics.gestionaleauto.com/gonline_graphics/6612170_T_5763be36a8131.jpg</small>
     <medium>http://graphics.gestionaleauto.com/gonline_graphics/6612170_N_5763be36a4b16.jpg</medium>
     <large>http://graphics.gestionaleauto.com/gonline_graphics/6612170_E_5763be36940c0.jpg</large>
    </image>
    <image>
     <small>http://graphics.gestionaleauto.com/gonline_graphics/6612170_T_5763be37235a8.jpg</small>
     <medium>http://graphics.gestionaleauto.com/gonline_graphics/6612170_N_5763be371ff62.jpg</medium>
     <large>http://graphics.gestionaleauto.com/gonline_graphics/6612170_E_5763be370ffaf.jpg</large>
    </image>
    <image>
     <small>http://graphics.gestionaleauto.com/gonline_graphics/6612170_T_5763be378b200.jpg</small>
     <medium>http://graphics.gestionaleauto.com/gonline_graphics/6612170_N_5763be3787e1f.jpg</medium>
     <large>http://graphics.gestionaleauto.com/gonline_graphics/6612170_E_5763be3778aeb.jpg</large>
    </image>
    <image>
     <small>http://graphics.gestionaleauto.com/gonline_graphics/6612170_T_5763be3801356.jpg</small>
     <medium>http://graphics.gestionaleauto.com/gonline_graphics/6612170_N_5763be37f235d.jpg</medium>
     <large>http://graphics.gestionaleauto.com/gonline_graphics/6612170_E_5763be37e3180.jpg</large>
    </image>
    <image>
     <small>http://graphics.gestionaleauto.com/gonline_graphics/6612170_T_5763be38685c4.jpg</small>
     <medium>http://graphics.gestionaleauto.com/gonline_graphics/6612170_N_5763be3864eb3.jpg</medium>
     <large>http://graphics.gestionaleauto.com/gonline_graphics/6612170_E_5763be38550ce.jpg</large>
    </image>
    <image>
     <small>http://graphics.gestionaleauto.com/gonline_graphics/6612170_T_5763be38d5f3f.jpg</small>
     <medium>http://graphics.gestionaleauto.com/gonline_graphics/6612170_N_5763be38d28a4.jpg</medium>
     <large>http://graphics.gestionaleauto.com/gonline_graphics/6612170_E_5763be38c2747.jpg</large>
    </image>
   </images>
   <last_modified>2016-06-17 11:09:10.102418</last_modified>
  </motorbike>
  <motorbike id="5947617">
   <model>
    <make>HONDA</make>
    <model>VT 600 C</model>
    <version>Shadow 600 VERDE - 29513</version>
    <body>Moto - Custom</body>
    <fuel>Benzina</fuel>
    <kwatt>28</kwatt>
    <cc>600</cc>
   </model>
   <exterior>
    <color>Vari colori</color>
    <paint>pastello</paint>
   </exterior>
   <internal_code>LAD-RM</internal_code>
   <usage>usato</usage>
   <origin>nazionale</origin>
   <registration_date>09/1998</registration_date>
   <km>29513</km>
   <gearbox>Manuale</gearbox>
   <claimable_vat>false</claimable_vat>
   <negotiable>false</negotiable>
   <business_vehicle>false</business_vehicle>
   <occasion>false</occasion>
   <previous_owners>0</previous_owners>
   <prompt_delivery>false</prompt_delivery>
   <financing_available>false</financing_available>
   <warrenty>false</warrenty>
   <customers_price>2700</customers_price>
   <additional_informations>Marca: Honda
Modello: Shadow 600
Prezzo: ? 2.700
Categoria: Custom
Anno: 1998
Km: 29513
Kw: 28
CV: 38
Colore: VERDE
Cilindrata: 600
Stato: Buono
Accessori: SOSTITUZIONE GOMME+TAGLIANDO+REVISIONE+BATTERIA NUOVA

Servizi Offerti: 
* Controllo di Pre-consegna
* Garanzia 12 mesi estendibile a 24 (moto max 20 anni)
* Finanziamenti personalizzati per importo e durata

****************************************
Moto visibile presso:
ZIBELLINI
CENTRO MOTO TICINO LADISPOLI (RM)
Via Genova, 25/27
Tel.: 069910925
E-Mail: ladispoli@centromototicino.ch
****************************************</additional_informations>
   <images>
    <image>
     <small>http://graphics.gestionaleauto.com/gonline_graphics/5947617_T_56a1f4318279c.jpg</small>
     <medium>http://graphics.gestionaleauto.com/gonline_graphics/5947617_N_56a1f4317d19a.jpg</medium>
     <large>http://graphics.gestionaleauto.com/gonline_graphics/5947617_E_56a1f4315eabe.jpg</large>
    </image>
    <image>
     <small>http://graphics.gestionaleauto.com/gonline_graphics/5947617_T_56a1f4331b0d0.jpg</small>
     <medium>http://graphics.gestionaleauto.com/gonline_graphics/5947617_N_56a1f433157fd.jpg</medium>
     <large>http://graphics.gestionaleauto.com/gonline_graphics/5947617_E_56a1f432ec2ca.jpg</large>
    </image>
    <image>
     <small>http://graphics.gestionaleauto.com/gonline_graphics/5947617_T_56a1f43555c66.jpg</small>
     <medium>http://graphics.gestionaleauto.com/gonline_graphics/5947617_N_56a1f4355072c.jpg</medium>
     <large>http://graphics.gestionaleauto.com/gonline_graphics/5947617_E_56a1f43533c5d.jpg</large>
    </image>
    <image>
     <small>http://graphics.gestionaleauto.com/gonline_graphics/5947617_T_56a1f436bb206.jpg</small>
     <medium>http://graphics.gestionaleauto.com/gonline_graphics/5947617_N_56a1f436b58b7.jpg</medium>
     <large>http://graphics.gestionaleauto.com/gonline_graphics/5947617_E_56a1f43696e60.jpg</large>
    </image>
    <image>
     <small>http://graphics.gestionaleauto.com/gonline_graphics/5947617_T_56a1f4378568f.jpg</small>
     <medium>http://graphics.gestionaleauto.com/gonline_graphics/5947617_N_56a1f43780005.jpg</medium>
     <large>http://graphics.gestionaleauto.com/gonline_graphics/5947617_E_56a1f437630ff.jpg</large>
    </image>
   </images>
   <last_modified>2016-02-10 19:42:15.932439</last_modified>
  </motorbike>
 </export_gestionaleauto>

