﻿<?xml version="1.0" encoding="UTF-8" standalone="yes"?>
<agenzie>
    <agenzia>
        <uniqueid>
            <![CDATA[2385-1]]>
        </uniqueid>
        <ragionesociale>
            <![CDATA[Casoli Franca "Immobiluna&Casedamare"]]>
        </ragionesociale>
        <referente>
            <![CDATA[]]>
        </referente>
        <indirizzo>
            <![CDATA[Viale Mazzini n.3]]>
        </indirizzo>
        <cap>19038</cap>
        <cod_istat>011027</cod_istat>
        <piva>01007630112</piva>
        <codfiscale>01007630112</codfiscale>
        <telefono1>0187691179</telefono1>
        <telefono2></telefono2>
        <cellulare1></cellulare1>
        <cellulare2></cellulare2>
        <fax></fax>
        <email>
            <![CDATA[info@immobiluna.com]]>
        </email>
        <web>
            <![CDATA[http://www.immobiluna.com]]>
        </web>
        <logo>
            <![CDATA[]]>
        </logo>
    </agenzia>
    <agenzia>
        <uniqueid>
            <![CDATA[2369-1]]>
        </uniqueid>
        <ragionesociale>
            <![CDATA[Az Immobiliare Misterbianco]]>
        </agenzia>
        <referente>
            <![CDATA[Marasà Giuseppe/Fragalà Marco]]>
        </referente>
        <indirizzo>
            <![CDATA[Via B. Buozzi n° 13/b]]>
        </indirizzo>
        <cap>95045</cap>
        <cod_istat>087029</cod_istat>
        <piva>04655970871</piva>
        <codfiscale>04655970871</codfiscale>
        <telefono1>095301265</telefono1>
        <telefono2></telefono2>
        <cellulare1></cellulare1>
        <cellulare2></cellulare2>
        <fax>095301265</fax>
        <email>
            <![CDATA[misterbianco@azimmobiliare.it]]>
        </email>
        <web>
            <![CDATA[www.azimmobiliare.it]]>
        </web>
        <logo>
            <![CDATA[http://static3.agimonline.com/pub_files/2369/logo/logo.png]]>
        </logo>
    </agenzia>
    <agenzia>
        <uniqueid>
            <![CDATA[2369-4]]>
        </uniqueid>
        <ragionesociale>
            <![CDATA[Az Immobiliare Mascalucia]]>
        </ragionesociale>
        <referente>
            <![CDATA[Di Muni Daniele]]>
        </referente>
        <indirizzo>
            <![CDATA[Via Roma n° 169]]>
        </indirizzo>
        <cap>95030</cap>
        <cod_istat>087024</cod_istat>
        <piva>04754350876</piva>
        <codfiscale>04754350876</codfiscale>
        <telefono1>0956179363</telefono1>
        <telefono2>0957277940</telefono2>
        <cellulare1>3407336374</cellulare1>
        <cellulare2></cellulare2>
        <fax>0952933735</fax>
        <email>
            <![CDATA[mascalucia@azimmobiliare.it]]>
        </email>
        <web>
            <![CDATA[www.azimmobiliare.it]]>
        </web>
        <logo>
            <![CDATA[http://static3.agimonline.com/pub_files/2369/logo/logo.png]]>
        </logo>
    </agenzia>
</agenzie>