{
    "ListaAnnunci": [
        {
            "Codice": "2385-201346",
            "IDanagrafica": "2385-1",
            "Titolo": "Semindipendente - Trifamigliare a Bradia, Sarzana",
            "Testo": "Sarzana, località Bradia, semindipendente con ingresso indipendente  in edificio quadrifamiliare composto da: ingresso in disimpegno, due camere, soggiorno con angolo cottura, antibagno e bagno. Posto auto. Consegna dell' immobile completamente rifinito.Sono disponibili altri  appartamenti con due camere da letto, terrazzi e giardini. \n\n ",
            "Telefono1": "0187691179",
            "Telefono2": "",
            "Email": "info@immobiluna.com",
            "Dove": {
                "Indirizzo": "",
                "Geo": {
                    "Latitude": 0,
                    "Longitude": 0
                }
            },
            "Immagini": [
                "http://static3.agimonline.com/pub_files/2385/img/b/102829.jpg",
                "http://static3.agimonline.com/pub_files/2385/img/b/102826.jpg",
                "http://static3.agimonline.com/pub_files/2385/img/b/102827.jpg",
                "http://static3.agimonline.com/pub_files/2385/img/b/102828.jpg",
                "http://static3.agimonline.com/pub_files/2385/img/b/102830.jpg",
                "http://static3.agimonline.com/pub_files/2385/img/b/102831.jpg",
                "http://static3.agimonline.com/pub_files/2385/img/b/102833.jpg",
                "http://static3.agimonline.com/pub_files/2385/img/b/102834.jpg",
                "",
                "",
                "",
                "",
                "",
                "",
                "",
                "",
                "",
                "",
                "",
                ""
            ],
            "LinkEsterno": "",
            "Vani": 3,
            "Prezzo": 190000,
            "ClasseEnergetica": "VA",
            "Superficie": 60
        },
        {
            "Codice": "2385-201345",
            "IDanagrafica": "2385-1",
            "Titolo": "Semindipendente a Sarzana",
            "Testo": "Sarzana, prima periferia , casetta semindipendente, tutta su di un livello con giardinetto privato, così composta: ingresso nel corridoio, cucina abitabile con balcone,soggiorno, due camere matrimoniali, bagno con doccia.  Riscaldamento termoautonomo,cantine di circa 30 mq. Sottotetto.Abitabile subito,arredata o non .Ideale anche come casa vacanze in quanto vicinissima al centro storico di Sarzana e a pochi minuti dalle spiagge!!",
            "Telefono1": "0187691179",
            "Telefono2": "",
            "Email": "info@immobiluna.com",
            "Dove": {
                "Indirizzo": "",
                "Geo": {
                    "Latitude": 0,
                    "Longitude": 0
                }
            },
            "Immagini": [
                "http://static3.agimonline.com/pub_files/2385/img/b/102805.jpg",
                "http://static3.agimonline.com/pub_files/2385/img/b/102803.jpg",
                "http://static3.agimonline.com/pub_files/2385/img/b/102804.jpg",
                "http://static3.agimonline.com/pub_files/2385/img/b/102806.jpg",
                "http://static3.agimonline.com/pub_files/2385/img/b/102808.jpg",
                "http://static3.agimonline.com/pub_files/2385/img/b/102809.jpg",
                "http://static3.agimonline.com/pub_files/2385/img/b/102810.jpg",
                "http://static3.agimonline.com/pub_files/2385/img/b/102811.jpg",
                "http://static3.agimonline.com/pub_files/2385/img/b/102812.jpg",
                "http://static3.agimonline.com/pub_files/2385/img/b/102813.jpg",
                "",
                "",
                "",
                "",
                "",
                "",
                "",
                "",
                "",
                ""
            ],
            "LinkEsterno": "",
            "Vani": 4,
            "Prezzo": 280000,
            "ClasseEnergetica": "ND",
            "Superficie": 110
        },
        {
            "Codice": "2385-201344",
            "IDanagrafica": "2385-1",
            "Titolo": "Semindipendente - Terratetto a Sarzana",
            "Testo": "Sarzana fuori delle mura del centro storico semindipendente con piccola aia su due livelli così composta: Piano terra 4 locali ad uso cantina. Piano primo ingresso nel soggiorno, cucina,  bagno 2 camere e terrazzino. Impianti nuovi, bagno nuovo. Possibilità di unire internamente con scala i due livelli .  A F F A R E!!!",
            "Telefono1": "0187691179",
            "Telefono2": "",
            "Email": "info@immobiluna.com",
            "Dove": {
                "Indirizzo": "viale g. mazzini ",
                "Geo": {
                    "Latitude": 0,
                    "Longitude": 0
                }
            },
            "Immagini": [
                "http://static3.agimonline.com/pub_files/2385/img/m/102802.jpg",
                "",
                "",
                "",
                "",
                "",
                "",
                "",
                "",
                "",
                "",
                "",
                "",
                "",
                "",
                "",
                "",
                "",
                "",
                ""
            ],
            "LinkEsterno": "",
            "Vani": 5,
            "Prezzo": 145000,
            "ClasseEnergetica": "VA",
            "Superficie": 100
        },
        {
            "Codice": "2385-201343",
            "IDanagrafica": "2385-1",
            "Titolo": "Appartamento - Bilocale a Ortonovo",
            "Testo": "Isola di Ortonovo, appartamentino  arredato nuovo, al piano secondo in casa di due piani, completamente ristrutturato composto da ingresso in cucina, con balcone,camera ,bagno con doccia, termoautonomo, aria condizionata,piccolo ripostiglio posto auto ,ideale per  single , come casa vacanze o ad uso investimento .Possibilità di unirlo ad altro appartamento stesso piano ( ns. rif. 4779)",
            "Telefono1": "0187691179",
            "Telefono2": "",
            "Email": "info@immobiluna.com",
            "Dove": {
                "Indirizzo": "",
                "Geo": {
                    "Latitude": 0,
                    "Longitude": 0
                }
            },
            "Immagini": [
                "http://static3.agimonline.com/pub_files/2385/img/b/102789.jpg",
                "http://static3.agimonline.com/pub_files/2385/img/b/102787.jpg",
                "http://static3.agimonline.com/pub_files/2385/img/b/102788.jpg",
                "http://static3.agimonline.com/pub_files/2385/img/b/102790.jpg",
                "http://static3.agimonline.com/pub_files/2385/img/b/102791.jpg",
                "http://static3.agimonline.com/pub_files/2385/img/b/102792.jpg",
                "",
                "",
                "",
                "",
                "",
                "",
                "",
                "",
                "",
                "",
                "",
                "",
                "",
                ""
            ],
            "LinkEsterno": "",
            "Vani": 2,
            "Prezzo": 80000,
            "ClasseEnergetica": "VA",
            "Superficie": 40
        },
        {
            "Codice": "2385-201342",
            "IDanagrafica": "2385-1",
            "Titolo": "Appartamento - trilocale a Ortonovo",
            "Testo": "Isola  di Ortonovo appartamentino al piano secondo in casa di due piani, composto da ingresso, cucina abitabile, camera matrimoniale cameretta, bagno ,balcone che gira tutto intorno,possibilità di unirlo a bilocale ns. rif. 4780 sul solito piano .Ideale per giovane coppia ,single, oppure come casa vacanze.",
            "Telefono1": "0187691179",
            "Telefono2": "",
            "Email": "info@immobiluna.com",
            "Dove": {
                "Indirizzo": "",
                "Geo": {
                    "Latitude": 0,
                    "Longitude": 0
                }
            },
            "Immagini": [
                "http://static3.agimonline.com/pub_files/2385/img/b/102784.jpg",
                "http://static3.agimonline.com/pub_files/2385/img/b/102779.jpg",
                "http://static3.agimonline.com/pub_files/2385/img/b/102780.jpg",
                "http://static3.agimonline.com/pub_files/2385/img/b/102781.jpg",
                "http://static3.agimonline.com/pub_files/2385/img/b/102782.jpg",
                "http://static3.agimonline.com/pub_files/2385/img/b/102783.jpg",
                "http://static3.agimonline.com/pub_files/2385/img/b/102785.jpg",
                "http://static3.agimonline.com/pub_files/2385/img/b/102786.jpg",
                "",
                "",
                "",
                "",
                "",
                "",
                "",
                "",
                "",
                "",
                "",
                ""
            ],
            "LinkEsterno": "",
            "Vani": 3,
            "Prezzo": 135000,
            "ClasseEnergetica": "VA",
            "Superficie": 55
        },
        {
            "Codice": "2385-201340",
            "IDanagrafica": "2385-1",
            "Titolo": "Appartamento a Sarzana",
            "Testo": " Sarzana, località Ghiarettolo  si affitta a persone referenziate,appartamento arredato al piano terra con  ampio giardino privato ad angolo, composto da ingresso nel soggiorno con angolo cottura, ripostiglio, camera matrimoniale, bagno, giardino privato, posto auto .No animali .Altro appartamento al piano primo, con cantina al piano terra, sempre con giardino privato di uguale composizione e solito prezzo.Sono disponibili in agenzia altre soluzioni + grandi",
            "Telefono1": "0187691179",
            "Telefono2": "",
            "Email": "info@immobiluna.com",
            "Dove": {
                "Indirizzo": "",
                "Geo": {
                    "Latitude": 0,
                    "Longitude": 0
                }
            },
            "Immagini": [
                "http://static3.agimonline.com/pub_files/2385/img/s/102760.jpg",
                "http://static3.agimonline.com/pub_files/2385/img/s/102761.jpg",
                "http://static3.agimonline.com/pub_files/2385/img/m/102762.jpg",
                "",
                "",
                "",
                "",
                "",
                "",
                "",
                "",
                "",
                "",
                "",
                "",
                "",
                "",
                "",
                "",
                ""
            ],
            "LinkEsterno": "",
            "Vani": 2,
            "Prezzo": 550,
            "ClasseEnergetica": "ND",
            "Superficie": 50
        },
        {
            "Codice": "2385-201339",
            "IDanagrafica": "2385-1",
            "Titolo": "Semindipendente - Terratetto a Fosdinovo paese, Fosdinovo",
            "Testo": "Fosdinovo paese, casa  terratetto su tre livelli completamente ristrutturata così composta : ingresso con scale che portano alla cucina abitabile con balcone con vista aperta sulla campagna, piccolo dislivello con salotto/studio, secondo piano camera matrimoniale con bagno, loggia coperta, terzo piano  con vista parziale mare due camere, bagno. Al piano terra cantina di circa 25 mq. con piccola aia esterna ideale per fare il barbeque! Casa ideale per l'estate e le vacanze !.",
            "Telefono1": "0187691179",
            "Telefono2": "",
            "Email": "info@immobiluna.com",
            "Dove": {
                "Indirizzo": "",
                "Geo": {
                    "Latitude": 0,
                    "Longitude": 0
                }
            },
            "Immagini": [
                "http://static3.agimonline.com/pub_files/2385/img/b/102745.jpg",
                "http://static3.agimonline.com/pub_files/2385/img/b/102746.jpg",
                "http://static3.agimonline.com/pub_files/2385/img/b/102747.jpg",
                "http://static3.agimonline.com/pub_files/2385/img/b/102748.jpg",
                "http://static3.agimonline.com/pub_files/2385/img/b/102749.jpg",
                "http://static3.agimonline.com/pub_files/2385/img/b/102750.jpg",
                "http://static3.agimonline.com/pub_files/2385/img/b/102751.jpg",
                "http://static3.agimonline.com/pub_files/2385/img/b/102752.jpg",
                "http://static3.agimonline.com/pub_files/2385/img/b/102753.jpg",
                "http://static3.agimonline.com/pub_files/2385/img/b/102754.jpg",
                "http://static3.agimonline.com/pub_files/2385/img/b/102755.jpg",
                "http://static3.agimonline.com/pub_files/2385/img/b/102756.jpg",
                "http://static3.agimonline.com/pub_files/2385/img/b/102744.jpg",
                "",
                "",
                "",
                "",
                "",
                "",
                ""
            ],
            "LinkEsterno": "",
            "Vani": 5,
            "Prezzo": 160000,
            "ClasseEnergetica": "ND",
            "Superficie": 75
        },
        {
            "Codice": "2369-8173",
            "IDanagrafica": "2369-1",
            "Titolo": "Appartamento - 4 vani a Centro, Tremestieri Etneo",
            "Testo": "Tremestieri etneo zona centro disponiamo di un appartamento NUOVISSIMO di 4 vani posto al secondo piano di un nuovo condominio in stile moderno.L'appartamento è in ottime condizione ed è composto da un soggiorno grande,una cucina semi abitabile, due camere da letto, lavanderia,bagno con doccia, cantina mq 10 e box auto privato di mq 20. ",
            "Telefono1": "095301265",
            "Telefono2": "",
            "Email": "misterbianco@azimmobiliare.it",
            "Dove": {
                "Indirizzo": "",
                "Geo": {
                    "Latitude": 0,
                    "Longitude": 0
                }
            },
            "Immagini": [
                "http://static3.agimonline.com/pub_files/2369/img/b/162442.jpg",
                "http://static3.agimonline.com/pub_files/2369/img/b/162443.jpg",
                "http://static3.agimonline.com/pub_files/2369/img/b/162444.jpg",
                "http://static3.agimonline.com/pub_files/2369/img/b/162445.jpg",
                "http://static3.agimonline.com/pub_files/2369/img/b/162446.jpg",
                "http://static3.agimonline.com/pub_files/2369/img/b/162447.jpg",
                "http://static3.agimonline.com/pub_files/2369/img/b/162448.jpg",
                "http://static3.agimonline.com/pub_files/2369/img/b/162450.jpg",
                "http://static3.agimonline.com/pub_files/2369/img/b/162449.jpg",
                "http://static3.agimonline.com/pub_files/2369/img/b/162451.jpg",
                "http://static3.agimonline.com/pub_files/2369/img/b/162452.jpg",
                "http://static3.agimonline.com/pub_files/2369/img/b/162453.jpg",
                "http://static3.agimonline.com/pub_files/2369/img/b/162454.jpg",
                "",
                "",
                "",
                "",
                "",
                "",
                ""
            ],
            "LinkEsterno": "",
            "Vani": 4,
            "Prezzo": 200000,
            "ClasseEnergetica": "C",
            "Superficie": 100
        },
        {
            "Codice": "2369-8122",
            "IDanagrafica": "2369-1",
            "Titolo": "Appartamento a Circonvallazione  , Aci Sant'Antonio",
            "Testo": "Aci Sant'Antonio pressi Circonvallazione in residence su due elevazioni disponiamo con CONTRATTO AFFITTO CON RISCATTO di un Appartamento di vani 5 e mq 125, composto al primo piano da salone ingresso, 3 camere da letto matrimoniali, bagno con vasca, bagno con doccia e ripostiglio. Al secondo piano dispone di una cucina grande in muratura da completare l'arredamento, soggiorno avverando con camino e terrazza a livello di mq 50. L'immobile inoltre, dispone di riscaldamento autonomo a metano, garage di mq 15 e posto auto scoperto all'interno del residence. Panoramico lato Etna e lato mare! L' appartamento si trova in buono stato! ",
            "Telefono1": "095301265",
            "Telefono2": "",
            "Email": "misterbianco@azimmobiliare.it",
            "Dove": {
                "Indirizzo": "Via Paolo Vasta 16",
                "Geo": {
                    "Latitude": 37.6048818,
                    "Longitude": 15.114872300000002
                }
            },
            "Immagini": [
                "http://static3.agimonline.com/pub_files/2369/img/m/161717.jpg",
                "http://static3.agimonline.com/pub_files/2369/img/m/161718.jpg",
                "http://static3.agimonline.com/pub_files/2369/img/m/161719.jpg",
                "http://static3.agimonline.com/pub_files/2369/img/m/161720.jpg",
                "http://static3.agimonline.com/pub_files/2369/img/m/161721.jpg",
                "http://static3.agimonline.com/pub_files/2369/img/m/161722.jpg",
                "http://static3.agimonline.com/pub_files/2369/img/m/161723.jpg",
                "http://static3.agimonline.com/pub_files/2369/img/m/161724.jpg",
                "http://static3.agimonline.com/pub_files/2369/img/m/161725.jpg",
                "http://static3.agimonline.com/pub_files/2369/img/m/161726.jpg",
                "http://static3.agimonline.com/pub_files/2369/img/m/161727.jpg",
                "http://static3.agimonline.com/pub_files/2369/img/m/161728.jpg",
                "http://static3.agimonline.com/pub_files/2369/img/m/161729.jpg",
                "http://static3.agimonline.com/pub_files/2369/img/m/161730.jpg",
                "http://static3.agimonline.com/pub_files/2369/img/m/161731.jpg",
                "http://static3.agimonline.com/pub_files/2369/img/m/161732.jpg",
                "http://static3.agimonline.com/pub_files/2369/img/m/161733.jpg",
                "http://static3.agimonline.com/pub_files/2369/img/m/161734.jpg",
                "http://static3.agimonline.com/pub_files/2369/img/m/161735.jpg",
                "http://static3.agimonline.com/pub_files/2369/img/m/161736.jpg"
            ],
            "LinkEsterno": "",
            "Vani": 5,
            "Prezzo": 700,
            "ClasseEnergetica": "F",
            "Superficie": 125
        },
        {
            "Codice": "2369-8121",
            "IDanagrafica": "2369-1",
            "Titolo": "Appartamento - 3 vani a Centro, Misterbianco",
            "Testo": "Misterbianco zona centrale disponiamo al secondo piano di un piccolo condominio un appartamento di 3 vani composto da un bagno con doccia, due camere, una cucina semi abitabile, soggiorno grande e lavanderia esterna. L'appartamento dispone di un lastrico solare di proprietà esclusiva.",
            "Telefono1": "095301265",
            "Telefono2": "",
            "Email": "misterbianco@azimmobiliare.it",
            "Dove": {
                "Indirizzo": "Via Dei mille 10",
                "Geo": {
                    "Latitude": 37.5149314,
                    "Longitude": 15.009629200000063
                }
            },
            "Immagini": [
                "http://static3.agimonline.com/pub_files/2369/img/b/161752.jpg",
                "http://static3.agimonline.com/pub_files/2369/img/b/161753.jpg",
                "http://static3.agimonline.com/pub_files/2369/img/b/161754.jpg",
                "http://static3.agimonline.com/pub_files/2369/img/b/161755.jpg",
                "http://static3.agimonline.com/pub_files/2369/img/b/161756.jpg",
                "http://static3.agimonline.com/pub_files/2369/img/b/161757.jpg",
                "http://static3.agimonline.com/pub_files/2369/img/b/161758.jpg",
                "http://static3.agimonline.com/pub_files/2369/img/b/161759.jpg",
                "http://static3.agimonline.com/pub_files/2369/img/b/161760.jpg",
                "",
                "",
                "",
                "",
                "",
                "",
                "",
                "",
                "",
                "",
                ""
            ],
            "LinkEsterno": "",
            "Vani": 3,
            "Prezzo": 90000,
            "ClasseEnergetica": "VA",
            "Superficie": 84
        },
        {
            "Codice": "2369-8120",
            "IDanagrafica": "2369-1",
            "Titolo": "Appartamento a Centro, Misterbianco",
            "Testo": "Misterbianco,zona centrale disponiamo di un appartamento in perfetto stato, posto al primo piano di un confortevole condominio composto da ingresso soggiorno,una camera da letto,una cameretta,bagno con vasca e cucina abitabile. L'appartamento inoltre dispone di due balconi di cui uno composto da lavanderia in veranda. Il tutto in ottime condizioni!",
            "Telefono1": "095301265",
            "Telefono2": "",
            "Email": "misterbianco@azimmobiliare.it",
            "Dove": {
                "Indirizzo": "",
                "Geo": {
                    "Latitude": 37.51496506249097,
                    "Longitude": 15.006649535443103
                }
            },
            "Immagini": [
                "http://static3.agimonline.com/pub_files/2369/img/b/161702.jpg",
                "http://static3.agimonline.com/pub_files/2369/img/b/161703.jpg",
                "http://static3.agimonline.com/pub_files/2369/img/b/161704.jpg",
                "http://static3.agimonline.com/pub_files/2369/img/b/161705.jpg",
                "http://static3.agimonline.com/pub_files/2369/img/b/161706.jpg",
                "http://static3.agimonline.com/pub_files/2369/img/b/161707.jpg",
                "http://static3.agimonline.com/pub_files/2369/img/b/161708.jpg",
                "http://static3.agimonline.com/pub_files/2369/img/b/161709.jpg",
                "http://static3.agimonline.com/pub_files/2369/img/b/161710.jpg",
                "http://static3.agimonline.com/pub_files/2369/img/b/161711.jpg",
                "http://static3.agimonline.com/pub_files/2369/img/b/161712.jpg",
                "http://static3.agimonline.com/pub_files/2369/img/b/161713.jpg",
                "http://static3.agimonline.com/pub_files/2369/img/b/161714.jpg",
                "http://static3.agimonline.com/pub_files/2369/img/b/161715.jpg",
                "http://static3.agimonline.com/pub_files/2369/img/b/161716.jpg",
                "",
                "",
                "",
                "",
                ""
            ],
            "LinkEsterno": "",
            "Vani": 4,
            "Prezzo": 130000,
            "ClasseEnergetica": "G",
            "Superficie": 100
        },
        {
            "Codice": "2369-8118",
            "IDanagrafica": "2369-1",
            "Titolo": "Terreno Agricolo a Zona Toscano, Misterbianco",
            "Testo": "Misterbianco a ridosso della zona toscano in via Antonino Orlando, disponiamo di terreno agricolo incolto mq 2900.",
            "Telefono1": "095301265",
            "Telefono2": "",
            "Email": "misterbianco@azimmobiliare.it",
            "Dove": {
                "Indirizzo": "Via Antonino Orlando ",
                "Geo": {
                    "Latitude": 37.52719704196807,
                    "Longitude": 14.998944935443092
                }
            },
            "Immagini": [
                "http://static3.agimonline.com/pub_files/2369/img/b/161761.jpg",
                "",
                "",
                "",
                "",
                "",
                "",
                "",
                "",
                "",
                "",
                "",
                "",
                "",
                "",
                "",
                "",
                "",
                "",
                ""
            ],
            "LinkEsterno": "",
            "Vani": 0,
            "Prezzo": 60000,
            "ClasseEnergetica": "",
            "Superficie": 2900
        },
        {
            "Codice": "2369-8104",
            "IDanagrafica": "2369-1",
            "Titolo": "Indipendente - Intero Stabile a Semicentro, Misterbianco",
            "Testo": "Misterbianco,zona semicentrale disponiamo di un intero stabile composto da piano terra dove troviamo garage con bagno e sfogo esterno,primo piano composto da cucina abitabile,camera da letto,bagno,ampia zona giorno,lavanderia e balcone che si affaccia sul lato strada. Il secondo piano è ancora al grezzo quindi da rifinire, ed infine al piano superiore troviamo un ampia terrazza con vista panoramica lato montagna.",
            "Telefono1": "095301265",
            "Telefono2": "",
            "Email": "misterbianco@azimmobiliare.it",
            "Dove": {
                "Indirizzo": "",
                "Geo": {
                    "Latitude": 0,
                    "Longitude": 0
                }
            },
            "Immagini": [
                "http://static3.agimonline.com/pub_files/2369/img/b/161455.jpg",
                "http://static3.agimonline.com/pub_files/2369/img/b/161433.jpg",
                "http://static3.agimonline.com/pub_files/2369/img/b/161434.jpg",
                "http://static3.agimonline.com/pub_files/2369/img/b/161435.jpg",
                "http://static3.agimonline.com/pub_files/2369/img/b/161436.jpg",
                "http://static3.agimonline.com/pub_files/2369/img/b/161437.jpg",
                "http://static3.agimonline.com/pub_files/2369/img/b/161438.jpg",
                "http://static3.agimonline.com/pub_files/2369/img/b/161439.jpg",
                "http://static3.agimonline.com/pub_files/2369/img/b/161440.jpg",
                "http://static3.agimonline.com/pub_files/2369/img/b/161441.jpg",
                "http://static3.agimonline.com/pub_files/2369/img/b/161442.jpg",
                "http://static3.agimonline.com/pub_files/2369/img/b/161443.jpg",
                "http://static3.agimonline.com/pub_files/2369/img/b/161444.jpg",
                "http://static3.agimonline.com/pub_files/2369/img/b/161445.jpg",
                "http://static3.agimonline.com/pub_files/2369/img/b/161446.jpg",
                "http://static3.agimonline.com/pub_files/2369/img/b/161447.jpg",
                "http://static3.agimonline.com/pub_files/2369/img/b/161448.jpg",
                "http://static3.agimonline.com/pub_files/2369/img/b/161449.jpg",
                "http://static3.agimonline.com/pub_files/2369/img/b/161450.jpg",
                "http://static3.agimonline.com/pub_files/2369/img/b/161451.jpg"
            ],
            "LinkEsterno": "",
            "Vani": 0,
            "Prezzo": 170000,
            "ClasseEnergetica": "",
            "Superficie": 0
        }
    ]
}
