{
    "ListaAnnunci": [
        {
            "Codice": "78687",
            "Titolo": "Appartamento di 50 m² Santa Maria Di Leuca 5 prsone",
            "Testo": "Deliziosa dimora finemente arredata situata a Santa Maria di Leuca a soli 50 mt.  dal mare.L'appartamento e'composto da due camere da letto , 1 bagno, sala da pranzo, angolo cottura , piccolo terrazzo antistante , e lavanderia esterna.Parcheggio libero sotto casa.LE TARIFFE INDICATE SONO CALCOLATE SULLA BASE DI 7 GIORNI DI AFFITTO.QUESTO ANNUNCIO BENEFICIA DEL CONTROLLO QUALITA MediaVacanze.com.",
            "Dove": {
                "City": "Santa Maria Di Leuca",
                "Country": "Italy",
                "Geo": {
                    "Latitude": 39.793575,
                    "Longitude": 18.350115
                }
            },
            "Immagini": [
                "http://static.mediavacanze.com/img/Thumbnails/P/78687/1198167_l.jpeg",
                "http://static.mediavacanze.com/img/Photos/P/78687/845914.jpg",
                "http://static.mediavacanze.com/img/Thumbnails/P/78687/707102_l.jpg",
                "http://static.mediavacanze.com/img/Thumbnails/P/78687/707105_l.jpg",
                "http://static.mediavacanze.com/img/Thumbnails/P/78687/707104_l.jpg",
                "http://static.mediavacanze.com/img/Thumbnails/P/78687/719000_l.jpg",
                "http://static.mediavacanze.com/img/Photos/P/78687/707103.jpg",
                "http://static.mediavacanze.com/img/Thumbnails/P/78687/705259_l.jpg",
                "http://static.mediavacanze.com/img/Thumbnails/P/78687/705263_l.jpg",
                "http://static.mediavacanze.com/img/Photos/P/78687/845389.jpg",
                "http://static.mediavacanze.com/img/Thumbnails/P/78687/712632_l.jpg",
                "http://static.mediavacanze.com/img/Thumbnails/P/78687/712633_l.jpg",
                "http://static.mediavacanze.com/img/Photos/P/78687/845390.jpg",
                "http://static.mediavacanze.com/img/Thumbnails/P/78687/1198162_l.jpg"
            ],
            "LinkEsterno": "http://www.mediavacanze.com/PORTAPORTESE78687",
            "Persone": 5
        },
        {
            "Codice": "76652",
            "Titolo": "Appartamento di 35 m² La Caletta 5 persone",
            "Testo": "La Caletta da Sogno dispone di 3 appartamenti in affitto per trascorrere una tranquilla e rilassante vacanza!Completi di tutti i servizi necessari per un ottimo comfort (ampia cucina, lavatrice, aria condizionata, bagno con doccia, riserva idrica e parcheggio privato). L'ampia cucina consente di godere della splendida vista sul mare. Ciascun appartamento può alloggiare sino a 4/5 persone e si trovano a meno di 5 minuti a piedi dal mareLE TARIFFE INDICATE SONO CALCOLATE SULLA BASE DI 7 GIORNI DI AFFITTO.QUESTO ANNUNCIO BENEFICIA DEL CONTROLLO QUALITA MediaVacanze.com.",
            "Dove": {
                "City": "La Caletta",
                "Country": "Italy",
                "Geo": {
                    "Latitude": 40.608215,
                    "Longitude": 9.748742
                }
            },
            "Immagini": [
                "http://static.mediavacanze.com/img/Thumbnails/P/76652/671771_l.jpg",
                "http://static.mediavacanze.com/img/Thumbnails/P/76652/671788_l.jpg",
                "http://static.mediavacanze.com/img/Thumbnails/P/76652/671789_l.jpg",
                "http://static.mediavacanze.com/img/Thumbnails/P/76652/671790_l.jpg",
                "http://static.mediavacanze.com/img/Thumbnails/P/76652/671791_l.jpg",
                "http://static.mediavacanze.com/img/Thumbnails/P/76652/671794_l.jpg",
                "http://static.mediavacanze.com/img/Thumbnails/P/76652/671795_l.jpg",
                "http://static.mediavacanze.com/img/Thumbnails/P/76652/671796_l.jpg",
                "http://static.mediavacanze.com/img/Thumbnails/P/76652/671797_l.jpg",
                "http://static.mediavacanze.com/img/Thumbnails/P/76652/671798_l.jpg",
                "http://static.mediavacanze.com/img/Thumbnails/P/76652/671799_l.jpg"
            ],
            "LinkEsterno": "http://www.mediavacanze.com/PORTAPORTESE76652",
            "Persone": 5
        }
    ]
}
