<WsXmlData>
    <caller>
        <name>portaportese</name>
        <key>mZs1OvCQaqrp7eJ3G4Tp5fx7fU6oV38o0s9egqpD</key>
    </caller>
    <login>
        <username>portaportese</username>
        <password>areatest</password>
    </login>
    <operation>
        <object>ReRe</object>
        <event>Portfolio</event>
    </operation>
    <language>it</language>
    <params>
        <param>
            <name>order_by</name>
            <value>2</value>
        </param>
        <param>
            <name>order_how</name>
            <value>2</value>
        </param>
        <param>
            <name>result_limit</name>
            <value>250</value>
        </param>
        <param>
            <name>result_start_id</name>
            <value>0</value>
        </param>
        <param>
            <name>provider_id</name>
            <value>24</value>
        </param>
    </params>
</WsXmlData>